{
  "images" : [
    {
      "size" : "29x29",
      "idiom" : "iphone",
      "filename" : "iOS\\Resources\\icons\\Icon-58.png",
      "scale" : "2x"
    },
    {
      "size" : "29x29",
      "idiom" : "iphone",
      "filename" : "WindowsStore\\Icons\\ApplicationIcon-90x90.png",
      "scale" : "3x"
    },
    {
      "size" : "40x40",
      "idiom" : "iphone",
      "filename" : "iOS\\Resources\\icons\\Icon-40@2x.png",
      "scale" : "2x"
    },
    {
      "size" : "40x40",
      "idiom" : "iphone",
      "filename" : "iOS\\Resources\\icons\\Icon-120.png",
      "scale" : "3x"
    },
    {
      "size" : "60x60",
      "idiom" : "iphone",
      "filename" : "WindowsPhone\\Icons\\ApplicationIcon-120x120.png",
      "scale" : "2x"
    },
    {
      "size" : "60x60",
      "idiom" : "iphone",
      "filename" : "WindowsPhone\\Icons\\ApplicationIcon-170x170.png",
      "scale" : "3x"
    }
  ],
  "info" : {
    "version" : 1,
    "author" : "xcode"
  }
}